"siteID","Year","P","Tavg","TavgNorm","PNorm","TAnom","PAnom","TempSign","PrecipSign"
"Bosque Humedo",1979,2947.41,25.2772727272727,25.4835030549898,2007.51658536585,0.20623032771709,-939.893414634146,TRUE,FALSE
"Bosque Humedo",1980,2015.9,25.3625,25.4835030549898,2007.51658536585,0.121003054989817,-8.38341463414622,TRUE,FALSE
"Bosque Humedo",1981,2765.53,25,25.4835030549898,2007.51658536585,0.483503054989818,-758.013414634147,TRUE,FALSE
"Bosque Humedo",1982,1784.31,25.4416666666667,25.4835030549898,2007.51658536585,0.0418363883231514,223.206585365854,TRUE,TRUE
"Bosque Humedo",1983,1718.9,26.1375,25.4835030549898,2007.51658536585,-0.653996945010181,288.616585365854,FALSE,TRUE
"Bosque Humedo",1984,2163.27,25.1,25.4835030549898,2007.51658536585,0.383503054989816,-155.753414634146,TRUE,FALSE
"Bosque Humedo",1985,1572.38,24.9458333333333,25.4835030549898,2007.51658536585,0.537669721656485,435.136585365854,TRUE,TRUE
"Bosque Humedo",1986,1479.74,25.1375,25.4835030549898,2007.51658536585,0.346003054989819,527.776585365854,TRUE,TRUE
"Bosque Humedo",1987,1216.58,26.1083333333333,25.4835030549898,2007.51658536585,-0.624830278343516,790.936585365854,FALSE,TRUE
"Bosque Humedo",1988,2461.89,25.2416666666667,25.4835030549898,2007.51658536585,0.241836388323151,-454.373414634146,TRUE,FALSE
"Bosque Humedo",1989,1495.03,25.1333333333333,25.4835030549898,2007.51658536585,0.350169721656485,512.486585365854,TRUE,TRUE
"Bosque Humedo",1990,1472.28,25.675,25.4835030549898,2007.51658536585,-0.191496945010183,535.236585365854,FALSE,TRUE
"Bosque Humedo",1991,1408.84,25.7083333333333,25.4835030549898,2007.51658536585,-0.224830278343514,598.676585365853,FALSE,TRUE
"Bosque Humedo",1992,1615.6,25.6958333333333,25.4835030549898,2007.51658536585,-0.212330278343515,391.916585365854,FALSE,TRUE
"Bosque Humedo",1993,1853.95,25.5458333333333,25.4835030549898,2007.51658536585,-0.0623302783435165,153.566585365854,FALSE,TRUE
"Bosque Humedo",1994,1416.82,25.7041666666667,25.4835030549898,2007.51658536585,-0.220663611676848,590.696585365853,FALSE,TRUE
"Bosque Humedo",1995,2768.26,25.3583333333333,25.4835030549898,2007.51658536585,0.125169721656484,-760.743414634147,TRUE,FALSE
"Bosque Humedo",1996,2837.54,25.0375,25.4835030549898,2007.51658536585,0.446003054989816,-830.023414634146,TRUE,FALSE
"Bosque Humedo",1997,1461.74,25.7708333333333,25.4835030549898,2007.51658536585,-0.287330278343514,545.776585365854,FALSE,TRUE
"Bosque Humedo",1998,2281.6,26.0041666666667,25.4835030549898,2007.51658536585,-0.520663611676849,-274.083414634146,FALSE,FALSE
"Bosque Humedo",1999,2548.57,24.725,25.4835030549898,2007.51658536585,0.758503054989816,-541.053414634147,TRUE,FALSE
"Bosque Humedo",2000,1739.84,25.0875,25.4835030549898,2007.51658536585,0.396003054989819,267.676585365854,TRUE,TRUE
"Bosque Humedo",2001,1980.02,25.35,25.4835030549898,2007.51658536585,0.133503054989816,27.4965853658537,TRUE,TRUE
"Bosque Humedo",2002,2007.9,25.5375,25.4835030549898,2007.51658536585,-0.0539969450101836,-0.383414634146447,FALSE,FALSE
"Bosque Humedo",2003,2178.25,25.5958333333333,25.4835030549898,2007.51658536585,-0.112330278343517,-170.733414634146,FALSE,FALSE
"Bosque Humedo",2004,2136.57,25.45,25.4835030549898,2007.51658536585,0.0335030549898185,-129.053414634147,TRUE,FALSE
"Bosque Humedo",2005,2778.94,25.4125,25.4835030549898,2007.51658536585,0.0710030549898164,-771.423414634146,TRUE,FALSE
"Bosque Humedo",2006,1765.24,25.4583333333333,25.4835030549898,2007.51658536585,0.0251697216564857,242.276585365854,TRUE,TRUE
"Bosque Humedo",2007,3059.46,25.35,25.4835030549898,2007.51658536585,0.133503054989816,-1051.94341463415,TRUE,FALSE
"Bosque Humedo",2008,2770.39,25.0958333333333,25.4835030549898,2007.51658536585,0.387669721656486,-762.873414634146,TRUE,FALSE
"Bosque Humedo",2009,1486.54,25.5416666666667,25.4835030549898,2007.51658536585,-0.05816361167685,520.976585365854,FALSE,TRUE
"Bosque Humedo",2010,2308.65,25.4333333333333,25.4835030549898,2007.51658536585,0.0501697216564843,-301.133414634146,TRUE,FALSE
"Bosque Humedo",2011,2757.32,25.1916666666667,25.4835030549898,2007.51658536585,0.291836388323151,-749.803414634147,TRUE,FALSE
"Bosque Humedo",2012,1405.01,25.5,25.4835030549898,2007.51658536585,-0.0164969450101822,602.506585365854,FALSE,TRUE
"Bosque Humedo",2013,2440.79,25.6416666666667,25.4835030549898,2007.51658536585,-0.158163611676848,-433.273414634146,FALSE,FALSE
"Bosque Humedo",2014,1861.65,25.8166666666667,25.4835030549898,2007.51658536585,-0.333163611676849,145.866585365854,FALSE,TRUE
"Bosque Humedo",2015,1284.67,26.3166666666667,25.4835030549898,2007.51658536585,-0.833163611676849,722.846585365854,FALSE,TRUE
"Bosque Humedo",2016,2209.46,25.8541666666667,25.4835030549898,2007.51658536585,-0.37066361167685,-201.943414634146,FALSE,FALSE
"Bosque Humedo",2017,2416.39,25.5416666666667,25.4835030549898,2007.51658536585,-0.05816361167685,-408.873414634146,FALSE,FALSE
"Bosque Humedo",2018,1703.17,25.5666666666667,25.4835030549898,2007.51658536585,-0.0831636116768486,304.346585365854,FALSE,TRUE
"Bosque Humedo",2019,731.78,25.9541666666667,25.4835030549898,2007.51658536585,-0.470663611676848,1275.73658536585,FALSE,TRUE
"Cacao Arenales",1979,3207.06,21.3818181818182,21.4757637474542,2579.97512195122,0.0939455656359911,-627.08487804878,TRUE,FALSE
"Cacao Arenales",1980,2553.9,21.4166666666667,21.4757637474542,2579.97512195122,0.059097080787506,26.0751219512194,TRUE,TRUE
"Cacao Arenales",1981,2901.75,21.0625,21.4757637474542,2579.97512195122,0.413263747454174,-321.77487804878,TRUE,FALSE
"Cacao Arenales",1982,2291.36,21.4291666666667,21.4757637474542,2579.97512195122,0.0465970807875067,288.615121951219,TRUE,TRUE
"Cacao Arenales",1983,2067.02,22.025,21.4757637474542,2579.97512195122,-0.549236252545825,512.95512195122,FALSE,TRUE
"Cacao Arenales",1984,2562.55,20.9833333333333,21.4757637474542,2579.97512195122,0.49243041412084,17.4251219512194,TRUE,TRUE
"Cacao Arenales",1985,1997.07,20.9625,21.4757637474542,2579.97512195122,0.513263747454172,582.90512195122,TRUE,TRUE
"Cacao Arenales",1986,1959.53,21.2291666666667,21.4757637474542,2579.97512195122,0.246597080787506,620.44512195122,TRUE,TRUE
"Cacao Arenales",1987,1810.01,22.0291666666667,21.4757637474542,2579.97512195122,-0.553402919212495,769.96512195122,FALSE,TRUE
"Cacao Arenales",1988,3276.92,21.3833333333333,21.4757637474542,2579.97512195122,0.092430414120841,-696.944878048781,TRUE,FALSE
"Cacao Arenales",1989,2211.2,21.1916666666667,21.4757637474542,2579.97512195122,0.284097080787507,368.775121951219,TRUE,TRUE
"Cacao Arenales",1990,2160.84,21.6833333333333,21.4757637474542,2579.97512195122,-0.20756958587916,419.135121951219,FALSE,TRUE
"Cacao Arenales",1991,2130.36,21.7041666666667,21.4757637474542,2579.97512195122,-0.228402919212492,449.615121951219,FALSE,TRUE
"Cacao Arenales",1992,2606.38,21.7625,21.4757637474542,2579.97512195122,-0.286736252545825,-26.4048780487806,FALSE,FALSE
"Cacao Arenales",1993,2608.22,21.5291666666667,21.4757637474542,2579.97512195122,-0.0534029192124912,-28.2448780487803,FALSE,FALSE
"Cacao Arenales",1994,2224.75,21.6791666666667,21.4757637474542,2579.97512195122,-0.203402919212493,355.22512195122,FALSE,TRUE
"Cacao Arenales",1995,3175.83,21.45,21.4757637474542,2579.97512195122,0.0257637474541745,-595.85487804878,TRUE,FALSE
"Cacao Arenales",1996,3410.94,21.1208333333333,21.4757637474542,2579.97512195122,0.35493041412084,-830.964878048781,TRUE,FALSE
"Cacao Arenales",1997,2296.08,21.8166666666667,21.4757637474542,2579.97512195122,-0.340902919212493,283.89512195122,FALSE,TRUE
"Cacao Arenales",1998,2969.44,22.1375,21.4757637474542,2579.97512195122,-0.661736252545825,-389.464878048781,FALSE,FALSE
"Cacao Arenales",1999,3242.33,20.7833333333333,21.4757637474542,2579.97512195122,0.692430414120842,-662.35487804878,TRUE,FALSE
"Cacao Arenales",2000,2578.72,21.0791666666667,21.4757637474542,2579.97512195122,0.396597080787508,1.25512195121928,TRUE,TRUE
"Cacao Arenales",2001,2643.13,21.3541666666667,21.4757637474542,2579.97512195122,0.121597080787506,-63.1548780487806,TRUE,FALSE
"Cacao Arenales",2002,2894.96,21.5666666666667,21.4757637474542,2579.97512195122,-0.0909029192124926,-314.984878048781,FALSE,FALSE
"Cacao Arenales",2003,3132.94,21.6083333333333,21.4757637474542,2579.97512195122,-0.13256958587916,-552.964878048781,FALSE,FALSE
"Cacao Arenales",2004,3168.65,21.4541666666667,21.4757637474542,2579.97512195122,0.0215970807875081,-588.674878048781,TRUE,FALSE
"Cacao Arenales",2005,3461.35,21.4833333333333,21.4757637474542,2579.97512195122,-0.00756958587916046,-881.37487804878,FALSE,FALSE
"Cacao Arenales",2006,2569.24,21.45,21.4757637474542,2579.97512195122,0.0257637474541745,10.7351219512198,TRUE,TRUE
"Cacao Arenales",2007,3624.39,21.3833333333333,21.4757637474542,2579.97512195122,0.092430414120841,-1044.41487804878,TRUE,FALSE
"Cacao Arenales",2008,3083.28,21.0333333333333,21.4757637474542,2579.97512195122,0.442430414120839,-503.304878048781,TRUE,FALSE
"Cacao Arenales",2009,1879.62,21.5666666666667,21.4757637474542,2579.97512195122,-0.0909029192124926,700.35512195122,FALSE,TRUE
"Cacao Arenales",2010,2378.15,21.5416666666667,21.4757637474542,2579.97512195122,-0.065902919212494,201.825121951219,FALSE,TRUE
"Cacao Arenales",2011,2852.6,21.1708333333333,21.4757637474542,2579.97512195122,0.30493041412084,-272.62487804878,TRUE,FALSE
"Cacao Arenales",2012,1942.31,21.4625,21.4757637474542,2579.97512195122,0.0132637474541752,637.66512195122,TRUE,TRUE
"Cacao Arenales",2013,2909.45,21.7083333333333,21.4757637474542,2579.97512195122,-0.232569585879162,-329.474878048781,FALSE,FALSE
"Cacao Arenales",2014,2324.4,21.8208333333333,21.4757637474542,2579.97512195122,-0.345069585879159,255.575121951219,FALSE,TRUE
"Cacao Arenales",2015,1958.25,22.3125,21.4757637474542,2579.97512195122,-0.836736252545826,621.72512195122,FALSE,TRUE
"Cacao Arenales",2016,2598.84,20.5,21.4757637474542,2579.97512195122,0.975763747454174,-18.8648780487806,TRUE,FALSE
"Cacao Arenales",2017,3087.59,21.5625,21.4757637474542,2579.97512195122,-0.0867362525458262,-507.614878048781,FALSE,FALSE
"Cacao Arenales",2018,2213.88,21.6,21.4757637474542,2579.97512195122,-0.124236252545828,366.095121951219,FALSE,TRUE
"Cacao Arenales",2019,813.69,22.0791666666667,21.4757637474542,2579.97512195122,-0.603402919212492,1766.28512195122,FALSE,TRUE
"Cacao Sendero Circular",1979,3263.05,20.5045454545455,20.5882892057026,2642.89609756098,0.0837437511571935,-620.153902439024,TRUE,FALSE
"Cacao Sendero Circular",1980,2606.89,20.55,20.5882892057026,2642.89609756098,0.0382892057026467,36.0060975609758,TRUE,TRUE
"Cacao Sendero Circular",1981,2962.24,20.1875,20.5882892057026,2642.89609756098,0.400789205702647,-319.343902439025,TRUE,FALSE
"Cacao Sendero Circular",1982,2349.49,20.5541666666667,20.5882892057026,2642.89609756098,0.0341225390359803,293.406097560975,TRUE,TRUE
"Cacao Sendero Circular",1983,2131.54,21.15,20.5882892057026,2642.89609756098,-0.561710794297351,511.356097560976,FALSE,TRUE
"Cacao Sendero Circular",1984,2625.8,20.0666666666667,20.5882892057026,2642.89609756098,0.521622539035981,17.0960975609755,TRUE,TRUE
"Cacao Sendero Circular",1985,2047.74,20.075,20.5882892057026,2642.89609756098,0.513289205702648,595.156097560976,TRUE,TRUE
"Cacao Sendero Circular",1986,2013.8,20.3416666666667,20.5882892057026,2642.89609756098,0.246622539035979,629.096097560976,TRUE,TRUE
"Cacao Sendero Circular",1987,1856.36,21.1333333333333,20.5882892057026,2642.89609756098,-0.545044127630685,786.536097560976,FALSE,TRUE
"Cacao Sendero Circular",1988,3335.68,20.4875,20.5882892057026,2642.89609756098,0.100789205702647,-692.783902439024,TRUE,FALSE
"Cacao Sendero Circular",1989,2265.52,20.3,20.5882892057026,2642.89609756098,0.288289205702647,377.376097560976,TRUE,TRUE
"Cacao Sendero Circular",1990,2218.04,20.8083333333333,20.5882892057026,2642.89609756098,-0.220044127630686,424.856097560976,FALSE,TRUE
"Cacao Sendero Circular",1991,2194.06,20.8166666666667,20.5882892057026,2642.89609756098,-0.228377460964019,448.836097560976,FALSE,TRUE
"Cacao Sendero Circular",1992,2675.23,20.9083333333333,20.5882892057026,2642.89609756098,-0.320044127630684,-32.3339024390243,FALSE,FALSE
"Cacao Sendero Circular",1993,2669.39,20.65,20.5882892057026,2642.89609756098,-0.0617107942973512,-26.4939024390242,FALSE,FALSE
"Cacao Sendero Circular",1994,2289.34,20.7916666666667,20.5882892057026,2642.89609756098,-0.20337746096402,353.556097560976,FALSE,TRUE
"Cacao Sendero Circular",1995,3225.94,20.5708333333333,20.5882892057026,2642.89609756098,0.0174558723693146,-583.043902439024,TRUE,FALSE
"Cacao Sendero Circular",1996,3479.39,20.2416666666667,20.5882892057026,2642.89609756098,0.34662253903598,-836.493902439024,TRUE,FALSE
"Cacao Sendero Circular",1997,2363.87,20.95,20.5882892057026,2642.89609756098,-0.361710794297352,279.026097560976,FALSE,TRUE
"Cacao Sendero Circular",1998,3026.59,21.275,20.5882892057026,2642.89609756098,-0.686710794297351,-383.693902439024,FALSE,FALSE
"Cacao Sendero Circular",1999,3283.84,19.8916666666667,20.5882892057026,2642.89609756098,0.696622539035982,-640.943902439024,TRUE,FALSE
"Cacao Sendero Circular",2000,2651.22,20.2125,20.5882892057026,2642.89609756098,0.375789205702649,-8.3239024390241,TRUE,FALSE
"Cacao Sendero Circular",2001,2711.14,20.475,20.5882892057026,2642.89609756098,0.113289205702646,-68.2439024390242,TRUE,FALSE
"Cacao Sendero Circular",2002,2973.6,20.7,20.5882892057026,2642.89609756098,-0.111710794297352,-330.703902439024,FALSE,FALSE
"Cacao Sendero Circular",2003,3222.11,20.725,20.5882892057026,2642.89609756098,-0.136710794297354,-579.213902439024,FALSE,FALSE
"Cacao Sendero Circular",2004,3273.71,20.5625,20.5882892057026,2642.89609756098,0.0257892057026474,-630.813902439024,TRUE,FALSE
"Cacao Sendero Circular",2005,3530.31,20.6,20.5882892057026,2642.89609756098,-0.011710794297354,-887.413902439024,FALSE,FALSE
"Cacao Sendero Circular",2006,2649.15,20.5666666666667,20.5882892057026,2642.89609756098,0.021622539035981,-6.25390243902439,TRUE,FALSE
"Cacao Sendero Circular",2007,3702.24,20.5083333333333,20.5882892057026,2642.89609756098,0.0799558723693146,-1059.34390243902,TRUE,FALSE
"Cacao Sendero Circular",2008,3143.3,20.1625,20.5882892057026,2642.89609756098,0.425789205702646,-500.403902439024,TRUE,FALSE
"Cacao Sendero Circular",2009,1933.1,20.6958333333333,20.5882892057026,2642.89609756098,-0.107544127630685,709.796097560976,FALSE,TRUE
"Cacao Sendero Circular",2010,2415.32,20.7,20.5882892057026,2642.89609756098,-0.111710794297352,227.576097560976,FALSE,TRUE
"Cacao Sendero Circular",2011,2901.91,20.2875,20.5882892057026,2642.89609756098,0.300789205702646,-259.013902439024,TRUE,FALSE
"Cacao Sendero Circular",2012,2004.95,20.5833333333333,20.5882892057026,2642.89609756098,0.00495587236931527,637.946097560976,TRUE,TRUE
"Cacao Sendero Circular",2013,2983.58,20.825,20.5882892057026,2642.89609756098,-0.236710794297352,-340.683902439024,FALSE,FALSE
"Cacao Sendero Circular",2014,2393.73,20.9541666666667,20.5882892057026,2642.89609756098,-0.365877460964018,249.166097560976,FALSE,TRUE
"Cacao Sendero Circular",2015,2029.65,21.45,20.5882892057026,2642.89609756098,-0.861710794297352,613.246097560976,FALSE,TRUE
"Cacao Sendero Circular",2016,2668.59,19.2291666666667,20.5882892057026,2642.89609756098,1.35912253903598,-25.6939024390244,TRUE,FALSE
"Cacao Sendero Circular",2017,3167.69,20.6958333333333,20.5882892057026,2642.89609756098,-0.107544127630685,-524.793902439024,FALSE,FALSE
"Cacao Sendero Circular",2018,2282.96,20.7166666666667,20.5882892057026,2642.89609756098,-0.128377460964018,359.936097560976,FALSE,TRUE
"Cacao Sendero Circular",2019,836.68,21.2083333333333,20.5882892057026,2642.89609756098,-0.620044127630685,1806.21609756098,FALSE,TRUE
"Gongora",1979,3020.23,23.8090909090909,23.9912423625255,2295.71756097561,0.18215145343455,-724.51243902439,TRUE,FALSE
"Gongora",1980,2321.05,23.8791666666667,23.9912423625255,2295.71756097561,0.112075695858792,-25.3324390243906,TRUE,FALSE
"Gongora",1981,2715.25,23.5291666666667,23.9912423625255,2295.71756097561,0.46207569585879,-419.53243902439,TRUE,FALSE
"Gongora",1982,2040.44,23.8833333333333,23.9912423625255,2295.71756097561,0.107909029192125,255.27756097561,TRUE,TRUE
"Gongora",1983,1798.5,24.575,23.9912423625255,2295.71756097561,-0.583757637474541,497.21756097561,FALSE,TRUE
"Gongora",1984,2297.99,23.5833333333333,23.9912423625255,2295.71756097561,0.407909029192126,-2.27243902439068,TRUE,FALSE
"Gongora",1985,1770.98,23.4625,23.9912423625255,2295.71756097561,0.52874236252546,524.73756097561,TRUE,TRUE
"Gongora",1986,1714.92,23.6541666666667,23.9912423625255,2295.71756097561,0.337075695858793,580.797560975609,TRUE,TRUE
"Gongora",1987,1549.32,24.5916666666667,23.9912423625255,2295.71756097561,-0.600424304141207,746.39756097561,FALSE,TRUE
"Gongora",1988,2989.29,23.9041666666667,23.9912423625255,2295.71756097561,0.0870756958587897,-693.57243902439,TRUE,FALSE
"Gongora",1989,1935.98,23.7166666666667,23.9912423625255,2295.71756097561,0.27457569585879,359.73756097561,TRUE,TRUE
"Gongora",1990,1865.43,24.1958333333333,23.9912423625255,2295.71756097561,-0.204590970807875,430.287560975609,FALSE,TRUE
"Gongora",1991,1811.15,24.2125,23.9912423625255,2295.71756097561,-0.22125763747454,484.567560975609,FALSE,TRUE
"Gongora",1992,2218.15,24.2416666666667,23.9912423625255,2295.71756097561,-0.250424304141209,77.5675609756095,FALSE,TRUE
"Gongora",1993,2287.03,24.0208333333333,23.9912423625255,2295.71756097561,-0.0295909708078739,8.68756097560981,FALSE,TRUE
"Gongora",1994,1883.54,24.2458333333333,23.9912423625255,2295.71756097561,-0.254590970807875,412.17756097561,FALSE,TRUE
"Gongora",1995,2989.05,23.925,23.9912423625255,2295.71756097561,0.0662423625254576,-693.332439024391,TRUE,FALSE
"Gongora",1996,3129.36,23.5875,23.9912423625255,2295.71756097561,0.40374236252546,-833.642439024391,TRUE,FALSE
"Gongora",1997,1938.79,24.2333333333333,23.9912423625255,2295.71756097561,-0.242090970807876,356.92756097561,FALSE,TRUE
"Gongora",1998,2695.65,24.5541666666667,23.9912423625255,2295.71756097561,-0.562924304141209,-399.932439024391,FALSE,FALSE
"Gongora",1999,3051.68,23.2541666666667,23.9912423625255,2295.71756097561,0.737075695858792,-755.962439024391,TRUE,FALSE
"Gongora",2000,2205.42,23.5666666666667,23.9912423625255,2295.71756097561,0.424575695858792,90.2975609756095,TRUE,TRUE
"Gongora",2001,2313.63,23.8708333333333,23.9912423625255,2295.71756097561,0.120409029192125,-17.9124390243906,TRUE,FALSE
"Gongora",2002,2518.52,24.025,23.9912423625255,2295.71756097561,-0.0337576374745403,-222.80243902439,FALSE,FALSE
"Gongora",2003,2691.37,24.0958333333333,23.9912423625255,2295.71756097561,-0.104590970807873,-395.65243902439,FALSE,FALSE
"Gongora",2004,2656.9,23.9375,23.9912423625255,2295.71756097561,0.0537423625254583,-361.182439024391,TRUE,FALSE
"Gongora",2005,3172.88,23.9791666666667,23.9912423625255,2295.71756097561,0.0120756958587904,-877.162439024391,TRUE,FALSE
"Gongora",2006,2181.75,23.9416666666667,23.9912423625255,2295.71756097561,0.0495756958587918,113.96756097561,TRUE,TRUE
"Gongora",2007,3336.29,23.8708333333333,23.9912423625255,2295.71756097561,0.120409029192125,-1040.57243902439,TRUE,FALSE
"Gongora",2008,2850.74,23.5625,23.9912423625255,2295.71756097561,0.428742362525458,-555.02243902439,TRUE,FALSE
"Gongora",2009,1634.46,24.0208333333333,23.9912423625255,2295.71756097561,-0.0295909708078739,661.25756097561,FALSE,TRUE
"Gongora",2010,2279.22,24.0083333333333,23.9912423625255,2295.71756097561,-0.0170909708078746,16.4975609756098,FALSE,TRUE
"Gongora",2011,2708.21,23.6875,23.9912423625255,2295.71756097561,0.303742362525458,-412.49243902439,TRUE,FALSE
"Gongora",2012,1646.05,23.9458333333333,23.9912423625255,2295.71756097561,0.0454090291921254,649.66756097561,TRUE,TRUE
"Gongora",2013,2603.62,24.2041666666667,23.9912423625255,2295.71756097561,-0.212924304141207,-307.90243902439,FALSE,FALSE
"Gongora",2014,2013.02,24.3208333333333,23.9912423625255,2295.71756097561,-0.329590970807875,282.69756097561,FALSE,TRUE
"Gongora",2015,1612.79,24.8208333333333,23.9912423625255,2295.71756097561,-0.829590970807875,682.92756097561,FALSE,TRUE
"Gongora",2016,2309.28,24.0291666666667,23.9912423625255,2295.71756097561,-0.0379243041412067,-13.5624390243906,FALSE,FALSE
"Gongora",2017,2744.86,24.0625,23.9912423625255,2295.71756097561,-0.0712576374745417,-449.142439024391,FALSE,FALSE
"Gongora",2018,1901.76,24.0708333333333,23.9912423625255,2295.71756097561,-0.0795909708078746,393.95756097561,FALSE,TRUE
"Gongora",2019,719.87,24.5458333333333,23.9912423625255,2295.71756097561,-0.554590970807876,1575.84756097561,FALSE,TRUE
"Maritza",1979,2897.44,23.7318181818182,23.8751527494908,2295.06414634146,0.143334567672653,-602.375853658536,TRUE,FALSE
"Maritza",1980,2256.43,23.7708333333333,23.8751527494908,2295.06414634146,0.104319416157502,38.6341463414637,TRUE,TRUE
"Maritza",1981,2728.98,23.45,23.8751527494908,2295.06414634146,0.425152749490834,-433.915853658536,TRUE,FALSE
"Maritza",1982,2070.29,23.7666666666667,23.8751527494908,2295.06414634146,0.108486082824168,224.774146341464,TRUE,TRUE
"Maritza",1983,1903.92,24.45,23.8751527494908,2295.06414634146,-0.574847250509166,391.144146341464,FALSE,TRUE
"Maritza",1984,2318.16,23.4833333333333,23.8751527494908,2295.06414634146,0.391819416157499,-23.0958536585363,TRUE,FALSE
"Maritza",1985,1769.79,23.35,23.8751527494908,2295.06414634146,0.525152749490832,525.274146341464,TRUE,TRUE
"Maritza",1986,1752.02,23.5375,23.8751527494908,2295.06414634146,0.337652749490832,543.044146341464,TRUE,TRUE
"Maritza",1987,1529.04,24.4833333333333,23.8751527494908,2295.06414634146,-0.608180583842501,766.024146341464,FALSE,TRUE
"Maritza",1988,2842.45,23.8,23.8751527494908,2295.06414634146,0.0751527494908331,-547.385853658536,TRUE,FALSE
"Maritza",1989,1900.21,23.575,23.8751527494908,2295.06414634146,0.300152749490834,394.854146341464,TRUE,TRUE
"Maritza",1990,1851.5,24.0458333333333,23.8751527494908,2295.06414634146,-0.170680583842501,443.564146341464,FALSE,TRUE
"Maritza",1991,1851.94,24.0791666666667,23.8751527494908,2295.06414634146,-0.204013917175832,443.124146341464,FALSE,TRUE
"Maritza",1992,2197.91,24.125,23.8751527494908,2295.06414634146,-0.249847250509166,97.1541463414637,FALSE,TRUE
"Maritza",1993,2252.08,23.9208333333333,23.8751527494908,2295.06414634146,-0.0456805838425005,42.9841463414637,FALSE,TRUE
"Maritza",1994,1914.11,24.0958333333333,23.8751527494908,2295.06414634146,-0.220680583842498,380.954146341464,FALSE,TRUE
"Maritza",1995,2860.95,23.8666666666667,23.8751527494908,2295.06414634146,0.00848608282416663,-565.885853658536,TRUE,FALSE
"Maritza",1996,3061.6,23.4958333333333,23.8751527494908,2295.06414634146,0.3793194161575,-766.535853658536,TRUE,FALSE
"Maritza",1997,1960.39,24.1083333333333,23.8751527494908,2295.06414634146,-0.233180583842501,334.674146341463,FALSE,TRUE
"Maritza",1998,2605.67,24.4625,23.8751527494908,2295.06414634146,-0.587347250509165,-310.605853658536,FALSE,FALSE
"Maritza",1999,2813.3,23.175,23.8751527494908,2295.06414634146,0.700152749490833,-518.235853658536,TRUE,FALSE
"Maritza",2000,2225.49,23.425,23.8751527494908,2295.06414634146,0.450152749490833,69.5741463414638,TRUE,TRUE
"Maritza",2001,2333.9,23.7208333333333,23.8751527494908,2295.06414634146,0.154319416157502,-38.8358536585365,TRUE,FALSE
"Maritza",2002,2527.65,23.8958333333333,23.8751527494908,2295.06414634146,-0.0206805838424984,-232.585853658537,FALSE,FALSE
"Maritza",2003,2756.13,24.0083333333333,23.8751527494908,2295.06414634146,-0.133180583842499,-461.065853658537,FALSE,FALSE
"Maritza",2004,2785.35,23.8041666666667,23.8751527494908,2295.06414634146,0.0709860828241666,-490.285853658536,TRUE,FALSE
"Maritza",2005,3110.82,23.8916666666667,23.8751527494908,2295.06414634146,-0.0165139171758319,-815.755853658537,FALSE,FALSE
"Maritza",2006,2261.23,23.8208333333333,23.8751527494908,2295.06414634146,0.0543194161575009,33.8341463414636,TRUE,TRUE
"Maritza",2007,3272.45,23.7791666666667,23.8751527494908,2295.06414634146,0.0959860828241688,-977.385853658537,TRUE,FALSE
"Maritza",2008,2804.57,23.475,23.8751527494908,2295.06414634146,0.400152749490832,-509.505853658537,TRUE,FALSE
"Maritza",2009,1677.07,23.9125,23.8751527494908,2295.06414634146,-0.0373472505091677,617.994146341464,FALSE,TRUE
"Maritza",2010,2209.65,23.9333333333333,23.8751527494908,2295.06414634146,-0.0581805838424998,85.4141463414635,FALSE,TRUE
"Maritza",2011,2659.59,23.5916666666667,23.8751527494908,2295.06414634146,0.283486082824165,-364.525853658537,TRUE,FALSE
"Maritza",2012,1726.56,23.8333333333333,23.8751527494908,2295.06414634146,0.0418194161574981,568.504146341464,TRUE,TRUE
"Maritza",2013,2654.77,24.0875,23.8751527494908,2295.06414634146,-0.212347250509165,-359.705853658536,FALSE,FALSE
"Maritza",2014,2095.8,24.1791666666667,23.8751527494908,2295.06414634146,-0.304013917175833,199.264146341463,FALSE,TRUE
"Maritza",2015,1737.44,24.6166666666667,23.8751527494908,2295.06414634146,-0.741513917175833,557.624146341464,FALSE,TRUE
"Maritza",2016,2390.54,23.8291666666667,23.8751527494908,2295.06414634146,0.0459860828241681,-95.4758536585364,TRUE,FALSE
"Maritza",2017,2777.72,23.95,23.8751527494908,2295.06414634146,-0.0748472505091655,-482.655853658536,FALSE,FALSE
"Maritza",2018,2002.25,23.9291666666667,23.8751527494908,2295.06414634146,-0.0540139171758334,292.814146341464,FALSE,TRUE
"Maritza",2019,750.47,24.4125,23.8751527494908,2295.06414634146,-0.537347250509168,1544.59414634146,FALSE,TRUE
"Naranjo Carbonal",1979,2459.57,26.7181818181818,26.9310590631365,1508.74975609756,0.212877244954637,-950.820243902439,TRUE,FALSE
"Naranjo Carbonal",1980,1521.46,26.7833333333333,26.9310590631365,1508.74975609756,0.14772572980312,-12.7102439024391,TRUE,FALSE
"Naranjo Carbonal",1981,2145.36,26.4208333333333,26.9310590631365,1508.74975609756,0.510225729803121,-636.610243902439,TRUE,FALSE
"Naranjo Carbonal",1982,1344.89,26.9291666666667,26.9310590631365,1508.74975609756,0.00189239646978834,163.859756097561,TRUE,TRUE
"Naranjo Carbonal",1983,1268.34,27.6583333333333,26.9310590631365,1508.74975609756,-0.727274270196876,240.409756097561,FALSE,TRUE
"Naranjo Carbonal",1984,1625.67,26.5666666666667,26.9310590631365,1508.74975609756,0.364392396469789,-116.920243902439,TRUE,FALSE
"Naranjo Carbonal",1985,1199.49,26.3666666666667,26.9310590631365,1508.74975609756,0.564392396469788,309.259756097561,TRUE,TRUE
"Naranjo Carbonal",1986,1102.24,26.5791666666667,26.9310590631365,1508.74975609756,0.35189239646979,406.509756097561,TRUE,TRUE
"Naranjo Carbonal",1987,878.55,27.5458333333333,26.9310590631365,1508.74975609756,-0.614774270196879,630.199756097561,FALSE,TRUE
"Naranjo Carbonal",1988,1856.36,26.5833333333333,26.9310590631365,1508.74975609756,0.347725729803123,-347.610243902439,TRUE,FALSE
"Naranjo Carbonal",1989,1088.94,26.5125,26.9310590631365,1508.74975609756,0.418559063136456,419.809756097561,TRUE,TRUE
"Naranjo Carbonal",1990,1095.66,27.0958333333333,26.9310590631365,1508.74975609756,-0.164774270196876,413.089756097561,FALSE,TRUE
"Naranjo Carbonal",1991,1012.18,27.1416666666667,26.9310590631365,1508.74975609756,-0.21060760353021,496.569756097561,FALSE,TRUE
"Naranjo Carbonal",1992,1095.6,27.1125,26.9310590631365,1508.74975609756,-0.181440936863545,413.149756097561,FALSE,TRUE
"Naranjo Carbonal",1993,1331.01,27,26.9310590631365,1508.74975609756,-0.0689409368635445,177.739756097561,FALSE,TRUE
"Naranjo Carbonal",1994,945.3,27.1416666666667,26.9310590631365,1508.74975609756,-0.21060760353021,563.449756097561,FALSE,TRUE
"Naranjo Carbonal",1995,2186.65,26.7458333333333,26.9310590631365,1508.74975609756,0.185225729803122,-677.900243902439,TRUE,FALSE
"Naranjo Carbonal",1996,2133.74,26.4625,26.9310590631365,1508.74975609756,0.468559063136457,-624.990243902439,TRUE,FALSE
"Naranjo Carbonal",1997,1004.66,27.2333333333333,26.9310590631365,1508.74975609756,-0.302274270196879,504.089756097561,FALSE,TRUE
"Naranjo Carbonal",1998,1702.26,27.4083333333333,26.9310590631365,1508.74975609756,-0.47727427019688,-193.510243902439,FALSE,FALSE
"Naranjo Carbonal",1999,1936.72,26.1708333333333,26.9310590631365,1508.74975609756,0.760225729803121,-427.970243902439,TRUE,FALSE
"Naranjo Carbonal",2000,1253.2,26.5458333333333,26.9310590631365,1508.74975609756,0.385225729803121,255.549756097561,TRUE,TRUE
"Naranjo Carbonal",2001,1433.71,26.7666666666667,26.9310590631365,1508.74975609756,0.16439239646979,75.0397560975609,TRUE,TRUE
"Naranjo Carbonal",2002,1460.35,26.9958333333333,26.9310590631365,1508.74975609756,-0.0647742701968781,48.3997560975608,FALSE,TRUE
"Naranjo Carbonal",2003,1471.44,27.0375,26.9310590631365,1508.74975609756,-0.106440936863546,37.3097560975609,FALSE,TRUE
"Naranjo Carbonal",2004,1507.42,26.8958333333333,26.9310590631365,1508.74975609756,0.0352257298031233,1.3297560975609,TRUE,TRUE
"Naranjo Carbonal",2005,2145.45,26.8208333333333,26.9310590631365,1508.74975609756,0.110225729803123,-636.700243902439,TRUE,FALSE
"Naranjo Carbonal",2006,1253.42,26.9166666666667,26.9310590631365,1508.74975609756,0.0143923964697876,255.329756097561,TRUE,TRUE
"Naranjo Carbonal",2007,2452.7,26.7916666666667,26.9310590631365,1508.74975609756,0.139392396469788,-943.950243902439,TRUE,FALSE
"Naranjo Carbonal",2008,2223.68,26.5875,26.9310590631365,1508.74975609756,0.343559063136453,-714.930243902439,TRUE,FALSE
"Naranjo Carbonal",2009,1122.26,26.9791666666667,26.9310590631365,1508.74975609756,-0.0481076035302124,386.489756097561,FALSE,TRUE
"Naranjo Carbonal",2010,1868.23,26.8041666666667,26.9310590631365,1508.74975609756,0.126892396469788,-359.480243902439,TRUE,FALSE
"Naranjo Carbonal",2011,2234.66,26.6375,26.9310590631365,1508.74975609756,0.293559063136456,-725.910243902439,TRUE,FALSE
"Naranjo Carbonal",2012,1037.53,26.9666666666667,26.9310590631365,1508.74975609756,-0.0356076035302095,471.219756097561,FALSE,TRUE
"Naranjo Carbonal",2013,1884.34,27.0458333333333,26.9310590631365,1508.74975609756,-0.114774270196879,-375.590243902439,FALSE,FALSE
"Naranjo Carbonal",2014,1399.58,27.275,26.9310590631365,1508.74975609756,-0.343940936863547,109.169756097561,FALSE,TRUE
"Naranjo Carbonal",2015,880.61,27.7541666666667,26.9310590631365,1508.74975609756,-0.823107603530211,628.139756097561,FALSE,TRUE
"Naranjo Carbonal",2016,1669.51,27.7666666666667,26.9310590631365,1508.74975609756,-0.83560760353021,-160.760243902439,FALSE,FALSE
"Naranjo Carbonal",2017,1790.55,26.9833333333333,26.9310590631365,1508.74975609756,-0.0522742701968788,-281.800243902439,FALSE,FALSE
"Naranjo Carbonal",2018,1273.19,27.0458333333333,26.9310590631365,1508.74975609756,-0.114774270196879,235.559756097561,FALSE,TRUE
"Naranjo Carbonal",2019,562.26,27.3625,26.9310590631365,1508.74975609756,-0.431440936863545,946.489756097561,FALSE,TRUE
"Pitilla",1979,3594.66,22.9227272727273,23.0086558044807,3141.15609756098,0.0859285317533782,-453.503902439024,TRUE,FALSE
"Pitilla",1980,3078.13,22.9333333333333,23.0086558044807,3141.15609756098,0.0753224711473166,63.0260975609754,TRUE,TRUE
"Pitilla",1981,3280.8,22.6333333333333,23.0086558044807,3141.15609756098,0.375322471147317,-139.643902439025,TRUE,FALSE
"Pitilla",1982,2823.86,22.9208333333333,23.0086558044807,3141.15609756098,0.0878224711473159,317.296097560975,TRUE,TRUE
"Pitilla",1983,2673.43,23.575,23.0086558044807,3141.15609756098,-0.566344195519349,467.726097560976,FALSE,TRUE
"Pitilla",1984,3108.69,22.6083333333333,23.0086558044807,3141.15609756098,0.400322471147316,32.4660975609754,TRUE,TRUE
"Pitilla",1985,2533.54,22.475,23.0086558044807,3141.15609756098,0.533655804480649,607.616097560976,TRUE,TRUE
"Pitilla",1986,2509.76,22.6833333333333,23.0086558044807,3141.15609756098,0.325322471147317,631.396097560975,TRUE,TRUE
"Pitilla",1987,2345.13,23.5458333333333,23.0086558044807,3141.15609756098,-0.537177528852684,796.026097560975,FALSE,TRUE
"Pitilla",1988,3786.61,22.9625,23.0086558044807,3141.15609756098,0.0461558044806516,-645.453902439025,TRUE,FALSE
"Pitilla",1989,2758.11,22.7083333333333,23.0086558044807,3141.15609756098,0.300322471147318,383.046097560975,TRUE,TRUE
"Pitilla",1990,2786.67,23.1666666666667,23.0086558044807,3141.15609756098,-0.158010862186018,354.486097560975,FALSE,TRUE
"Pitilla",1991,2798.29,23.1625,23.0086558044807,3141.15609756098,-0.153844195519351,342.866097560976,FALSE,TRUE
"Pitilla",1992,3381.76,23.2375,23.0086558044807,3141.15609756098,-0.228844195519351,-240.603902439025,FALSE,FALSE
"Pitilla",1993,3233.7,23.0625,23.0086558044807,3141.15609756098,-0.0538441955193498,-92.5439024390244,FALSE,FALSE
"Pitilla",1994,2846.04,23.1541666666667,23.0086558044807,3141.15609756098,-0.145510862186015,295.116097560976,FALSE,TRUE
"Pitilla",1995,3471.64,23.0458333333333,23.0086558044807,3141.15609756098,-0.0371775288526841,-330.483902439024,FALSE,FALSE
"Pitilla",1996,3899.91,22.6791666666667,23.0086558044807,3141.15609756098,0.329489137813983,-758.753902439025,TRUE,FALSE
"Pitilla",1997,2978.49,23.2708333333333,23.0086558044807,3141.15609756098,-0.262177528852682,162.666097560976,FALSE,TRUE
"Pitilla",1998,3435.63,23.65,23.0086558044807,3141.15609756098,-0.641344195519348,-294.473902439025,FALSE,FALSE
"Pitilla",1999,3541.34,22.3875,23.0086558044807,3141.15609756098,0.621155804480651,-400.183902439025,TRUE,FALSE
"Pitilla",2000,3272.55,22.5625,23.0086558044807,3141.15609756098,0.44615580448065,-131.393902439025,TRUE,FALSE
"Pitilla",2001,3185.22,22.8583333333333,23.0086558044807,3141.15609756098,0.150322471147316,-44.0639024390243,TRUE,FALSE
"Pitilla",2002,3669.42,23.0458333333333,23.0086558044807,3141.15609756098,-0.0371775288526841,-528.263902439025,FALSE,FALSE
"Pitilla",2003,4013.41,23.1666666666667,23.0086558044807,3141.15609756098,-0.158010862186018,-872.253902439024,FALSE,FALSE
"Pitilla",2004,4257.83,22.95,23.0086558044807,3141.15609756098,0.0586558044806509,-1116.67390243902,TRUE,FALSE
"Pitilla",2005,4016.83,23.0958333333333,23.0086558044807,3141.15609756098,-0.0871775288526813,-875.673902439024,FALSE,FALSE
"Pitilla",2006,3369.83,22.9833333333333,23.0086558044807,3141.15609756098,0.0253224711473159,-228.673902439024,TRUE,FALSE
"Pitilla",2007,4219.05,22.95,23.0086558044807,3141.15609756098,0.0586558044806509,-1077.89390243902,TRUE,FALSE
"Pitilla",2008,3465.81,22.6416666666667,23.0086558044807,3141.15609756098,0.366989137813984,-324.653902439024,TRUE,FALSE
"Pitilla",2009,2388.56,23.0166666666667,23.0086558044807,3141.15609756098,-0.00801086218601554,752.596097560976,FALSE,TRUE
"Pitilla",2010,2520.88,23.1041666666667,23.0086558044807,3141.15609756098,-0.0955108621860177,620.276097560975,FALSE,TRUE
"Pitilla",2011,3081.54,22.7541666666667,23.0086558044807,3141.15609756098,0.254489137813984,59.6160975609755,TRUE,TRUE
"Pitilla",2012,2549.29,22.9625,23.0086558044807,3141.15609756098,0.0461558044806516,591.866097560976,TRUE,TRUE
"Pitilla",2013,3521.47,23.1958333333333,23.0086558044807,3141.15609756098,-0.187177528852683,-380.313902439024,FALSE,FALSE
"Pitilla",2014,2931.73,23.2666666666667,23.0086558044807,3141.15609756098,-0.258010862186016,209.426097560975,FALSE,TRUE
"Pitilla",2015,2680.07,23.6416666666667,23.0086558044807,3141.15609756098,-0.633010862186016,461.086097560975,FALSE,TRUE
"Pitilla",2016,3181.95,22.675,23.0086558044807,3141.15609756098,0.333655804480649,-40.7939024390248,TRUE,FALSE
"Pitilla",2017,3747.67,23.1166666666667,23.0086558044807,3141.15609756098,-0.108010862186017,-606.513902439025,FALSE,FALSE
"Pitilla",2018,2848.86,23.0458333333333,23.0086558044807,3141.15609756098,-0.0371775288526841,292.296097560975,FALSE,TRUE
"Pitilla",2019,999.24,23.5291666666667,23.0086558044807,3141.15609756098,-0.520510862186018,2141.91609756098,FALSE,TRUE
"Rancho Harold",1979,3083.31,23.05,23.2134419551935,2390.80853658537,0.16344195519348,-692.501463414634,TRUE,FALSE
"Rancho Harold",1980,2400.81,23.1166666666667,23.2134419551935,2390.80853658537,0.0967752885268141,-10.0014634146341,TRUE,FALSE
"Rancho Harold",1981,2771.81,22.7583333333333,23.2134419551935,2390.80853658537,0.455108621860148,-381.001463414634,TRUE,FALSE
"Rancho Harold",1982,2123.56,23.1208333333333,23.2134419551935,2390.80853658537,0.0926086218601476,267.248536585366,TRUE,TRUE
"Rancho Harold",1983,1881.11,23.7916666666667,23.2134419551935,2390.80853658537,-0.578224711473187,509.698536585366,FALSE,TRUE
"Rancho Harold",1984,2384.2,22.7791666666667,23.2134419551935,2390.80853658537,0.434275288526816,6.60853658536598,TRUE,TRUE
"Rancho Harold",1985,1846.05,22.6958333333333,23.2134419551935,2390.80853658537,0.517608621860148,544.758536585366,TRUE,TRUE
"Rancho Harold",1986,1794.26,22.9083333333333,23.2134419551935,2390.80853658537,0.305108621860146,596.548536585366,TRUE,TRUE
"Rancho Harold",1987,1642.6,23.8083333333333,23.2134419551935,2390.80853658537,-0.594891378139852,748.208536585366,FALSE,TRUE
"Rancho Harold",1988,3096.5,23.125,23.2134419551935,2390.80853658537,0.0884419551934812,-705.691463414634,TRUE,FALSE
"Rancho Harold",1989,2032.27,22.9291666666667,23.2134419551935,2390.80853658537,0.284275288526814,358.538536585366,TRUE,TRUE
"Rancho Harold",1990,1966.68,23.4166666666667,23.2134419551935,2390.80853658537,-0.203224711473187,424.128536585366,FALSE,TRUE
"Rancho Harold",1991,1917.24,23.4291666666667,23.2134419551935,2390.80853658537,-0.215724711473186,473.568536585366,FALSE,TRUE
"Rancho Harold",1992,2355.02,23.4791666666667,23.2134419551935,2390.80853658537,-0.265724711473187,35.7885365853658,FALSE,TRUE
"Rancho Harold",1993,2401.1,23.2416666666667,23.2134419551935,2390.80853658537,-0.0282247114731859,-10.2914634146341,FALSE,FALSE
"Rancho Harold",1994,1999.5,23.4541666666667,23.2134419551935,2390.80853658537,-0.240724711473185,391.308536585366,FALSE,TRUE
"Rancho Harold",1995,3058.2,23.15,23.2134419551935,2390.80853658537,0.0634419551934826,-667.391463414634,TRUE,FALSE
"Rancho Harold",1996,3225.07,22.8166666666667,23.2134419551935,2390.80853658537,0.396775288526815,-834.261463414634,TRUE,FALSE
"Rancho Harold",1997,2058.49,23.4833333333333,23.2134419551935,2390.80853658537,-0.269891378139853,332.318536585366,FALSE,TRUE
"Rancho Harold",1998,2795.2,23.8,23.2134419551935,2390.80853658537,-0.58655804480652,-404.391463414634,FALSE,FALSE
"Rancho Harold",1999,3130.85,22.4791666666667,23.2134419551935,2390.80853658537,0.734275288526813,-740.041463414634,TRUE,FALSE
"Rancho Harold",2000,2329.62,22.7958333333333,23.2134419551935,2390.80853658537,0.417608621860147,61.1885365853659,TRUE,TRUE
"Rancho Harold",2001,2423.03,23.0958333333333,23.2134419551935,2390.80853658537,0.11760862186015,-32.2214634146339,TRUE,FALSE
"Rancho Harold",2002,2644.56,23.2625,23.2134419551935,2390.80853658537,-0.0490580448065181,-253.751463414634,FALSE,FALSE
"Rancho Harold",2003,2840,23.3416666666667,23.2134419551935,2390.80853658537,-0.128224711473184,-449.191463414634,FALSE,FALSE
"Rancho Harold",2004,2823.46,23.1583333333333,23.2134419551935,2390.80853658537,0.0551086218601498,-432.651463414634,TRUE,FALSE
"Rancho Harold",2005,3273.92,23.2166666666667,23.2134419551935,2390.80853658537,-0.00322471147318737,-883.111463414634,FALSE,FALSE
"Rancho Harold",2006,2308.74,23.1708333333333,23.2134419551935,2390.80853658537,0.0426086218601469,82.068536585366,TRUE,TRUE
"Rancho Harold",2007,3428.4,23.1041666666667,23.2134419551935,2390.80853658537,0.109275288526813,-1037.59146341463,TRUE,FALSE
"Rancho Harold",2008,2928.89,22.775,23.2134419551935,2390.80853658537,0.438441955193483,-538.081463414634,TRUE,FALSE
"Rancho Harold",2009,1714.42,23.2666666666667,23.2134419551935,2390.80853658537,-0.0532247114731845,676.388536585366,FALSE,TRUE
"Rancho Harold",2010,2310.9,23.2625,23.2134419551935,2390.80853658537,-0.0490580448065181,79.9085365853657,FALSE,TRUE
"Rancho Harold",2011,2753.17,22.9208333333333,23.2134419551935,2390.80853658537,0.292608621860147,-362.361463414634,TRUE,FALSE
"Rancho Harold",2012,1740.53,23.1791666666667,23.2134419551935,2390.80853658537,0.0342752885268141,650.278536585366,TRUE,TRUE
"Rancho Harold",2013,2702.79,23.4333333333333,23.2134419551935,2390.80853658537,-0.219891378139852,-311.981463414634,FALSE,FALSE
"Rancho Harold",2014,2110.7,23.55,23.2134419551935,2390.80853658537,-0.33655804480652,280.108536585366,FALSE,TRUE
"Rancho Harold",2015,1721.99,24.0416666666667,23.2134419551935,2390.80853658537,-0.828224711473187,668.818536585366,FALSE,TRUE
"Rancho Harold",2016,2401.17,22.925,23.2134419551935,2390.80853658537,0.28844195519348,-10.3614634146343,TRUE,FALSE
"Rancho Harold",2017,2854.66,23.2916666666667,23.2134419551935,2390.80853658537,-0.0782247114731867,-463.851463414634,FALSE,FALSE
"Rancho Harold",2018,1999.67,23.3125,23.2134419551935,2390.80853658537,-0.0990580448065188,391.138536585366,FALSE,TRUE
"Rancho Harold",2019,748.7,23.8,23.2134419551935,2390.80853658537,-0.58655804480652,1642.10853658537,FALSE,TRUE
"Rincon 1000",1979,3610.65,21.2590909090909,21.3630346232179,2867.65731707317,0.103943714127016,-742.992682926829,TRUE,FALSE
"Rincon 1000",1980,3101.25,21.325,21.3630346232179,2867.65731707317,0.0380346232179249,-233.592682926829,TRUE,FALSE
"Rincon 1000",1981,3160.67,20.95,21.3630346232179,2867.65731707317,0.413034623217925,-293.012682926829,TRUE,FALSE
"Rincon 1000",1982,2627.8,21.3333333333333,21.3630346232179,2867.65731707317,0.0297012898845921,239.857317073171,TRUE,TRUE
"Rincon 1000",1983,2297.87,21.9541666666667,21.3630346232179,2867.65731707317,-0.591132043448741,569.787317073171,FALSE,TRUE
"Rincon 1000",1984,2864.89,20.8791666666667,21.3630346232179,2867.65731707317,0.483867956551258,2.76731707317094,TRUE,TRUE
"Rincon 1000",1985,2477.49,20.8458333333333,21.3630346232179,2867.65731707317,0.517201289884593,390.167317073171,TRUE,TRUE
"Rincon 1000",1986,2434.63,21.1083333333333,21.3630346232179,2867.65731707317,0.25470128988459,433.027317073171,TRUE,TRUE
"Rincon 1000",1987,2257.34,21.9,21.3630346232179,2867.65731707317,-0.536965376782074,610.317317073171,FALSE,TRUE
"Rincon 1000",1988,3893.19,21.2333333333333,21.3630346232179,2867.65731707317,0.12970128988459,-1025.53268292683,TRUE,FALSE
"Rincon 1000",1989,2617.65,21.0916666666667,21.3630346232179,2867.65731707317,0.271367956551256,250.007317073171,TRUE,TRUE
"Rincon 1000",1990,2569.37,21.5625,21.3630346232179,2867.65731707317,-0.199465376782076,298.287317073171,FALSE,TRUE
"Rincon 1000",1991,2419.69,21.5416666666667,21.3630346232179,2867.65731707317,-0.178632043448744,447.967317073171,FALSE,TRUE
"Rincon 1000",1992,3167.02,21.5875,21.3630346232179,2867.65731707317,-0.224465376782078,-299.362682926829,FALSE,FALSE
"Rincon 1000",1993,3072.34,21.375,21.3630346232179,2867.65731707317,-0.0119653767820758,-204.682682926829,FALSE,FALSE
"Rincon 1000",1994,2601.65,21.55,21.3630346232179,2867.65731707317,-0.186965376782076,266.007317073171,FALSE,TRUE
"Rincon 1000",1995,3473.47,21.2833333333333,21.3630346232179,2867.65731707317,0.0797012898845892,-605.812682926829,TRUE,FALSE
"Rincon 1000",1996,3836.74,20.9916666666667,21.3630346232179,2867.65731707317,0.371367956551257,-969.082682926829,TRUE,FALSE
"Rincon 1000",1997,2755.53,21.6625,21.3630346232179,2867.65731707317,-0.299465376782077,112.127317073171,FALSE,TRUE
"Rincon 1000",1998,3391.8,21.9958333333333,21.3630346232179,2867.65731707317,-0.632798710115409,-524.142682926829,FALSE,FALSE
"Rincon 1000",1999,3890.28,20.6666666666667,21.3630346232179,2867.65731707317,0.696367956551256,-1022.62268292683,TRUE,FALSE
"Rincon 1000",2000,2953.9,20.975,21.3630346232179,2867.65731707317,0.388034623217923,-86.2426829268293,TRUE,FALSE
"Rincon 1000",2001,2892.53,21.2375,21.3630346232179,2867.65731707317,0.125534623217924,-24.8726829268294,TRUE,FALSE
"Rincon 1000",2002,3194.75,21.4416666666667,21.3630346232179,2867.65731707317,-0.0786320434487422,-327.092682926829,FALSE,FALSE
"Rincon 1000",2003,3458.35,21.5041666666667,21.3630346232179,2867.65731707317,-0.141132043448742,-590.692682926829,FALSE,FALSE
"Rincon 1000",2004,3418.8,21.3458333333333,21.3630346232179,2867.65731707317,0.0172012898845928,-551.142682926829,TRUE,FALSE
"Rincon 1000",2005,3699.17,21.375,21.3630346232179,2867.65731707317,-0.0119653767820758,-831.512682926829,FALSE,FALSE
"Rincon 1000",2006,2785.73,21.3583333333333,21.3630346232179,2867.65731707317,0.00470128988458995,81.9273170731708,TRUE,TRUE
"Rincon 1000",2007,3833.92,21.275,21.3630346232179,2867.65731707317,0.0880346232179257,-966.262682926829,TRUE,FALSE
"Rincon 1000",2008,3273.56,20.9291666666667,21.3630346232179,2867.65731707317,0.433867956551257,-405.902682926829,TRUE,FALSE
"Rincon 1000",2009,2053.27,21.4458333333333,21.3630346232179,2867.65731707317,-0.0827987101154086,814.387317073171,FALSE,TRUE
"Rincon 1000",2010,2392.5,21.4208333333333,21.3630346232179,2867.65731707317,-0.05779871011541,475.157317073171,FALSE,TRUE
"Rincon 1000",2011,2769.93,21.0833333333333,21.3630346232179,2867.65731707317,0.279701289884592,97.727317073171,TRUE,TRUE
"Rincon 1000",2012,2030.44,21.3416666666667,21.3630346232179,2867.65731707317,0.0213679565512557,837.217317073171,TRUE,TRUE
"Rincon 1000",2013,2972.31,21.5833333333333,21.3630346232179,2867.65731707317,-0.220298710115408,-104.652682926829,FALSE,FALSE
"Rincon 1000",2014,2393.09,21.6958333333333,21.3630346232179,2867.65731707317,-0.332798710115409,474.567317073171,FALSE,TRUE
"Rincon 1000",2015,2090.33,22.1875,21.3630346232179,2867.65731707317,-0.824465376782076,777.327317073171,FALSE,TRUE
"Rincon 1000",2016,2599.29,20.5916666666667,21.3630346232179,2867.65731707317,0.771367956551256,268.367317073171,TRUE,TRUE
"Rincon 1000",2017,3197.28,21.5,21.3630346232179,2867.65731707317,-0.136965376782076,-329.622682926829,FALSE,FALSE
"Rincon 1000",2018,2224.63,21.5,21.3630346232179,2867.65731707317,-0.136965376782076,643.027317073171,FALSE,TRUE
"Rincon 1000",2019,818.85,21.9875,21.3630346232179,2867.65731707317,-0.624465376782076,2048.80731707317,FALSE,TRUE
"Rincon 1200",1979,3663.28,20.0272727272727,20.1011201629328,2965.27609756098,0.0738474356600634,-698.003902439024,TRUE,FALSE
"Rincon 1200",1980,3184.54,20.0708333333333,20.1011201629328,2965.27609756098,0.0302868295994578,-219.263902439024,TRUE,FALSE
"Rincon 1200",1981,3207.94,19.7125,20.1011201629328,2965.27609756098,0.388620162932792,-242.663902439024,TRUE,FALSE
"Rincon 1200",1982,2687.74,20.0875,20.1011201629328,2965.27609756098,0.0136201629327921,277.536097560976,TRUE,TRUE
"Rincon 1200",1983,2367.5,20.6625,20.1011201629328,2965.27609756098,-0.561379837067211,597.776097560976,FALSE,TRUE
"Rincon 1200",1984,2956.57,19.5708333333333,20.1011201629328,2965.27609756098,0.530286829599458,8.70609756097565,TRUE,TRUE
"Rincon 1200",1985,2523.46,19.6,20.1011201629328,2965.27609756098,0.501120162932789,441.816097560976,TRUE,TRUE
"Rincon 1200",1986,2472.23,19.8833333333333,20.1011201629328,2965.27609756098,0.217786829599458,493.046097560976,TRUE,TRUE
"Rincon 1200",1987,2343.77,20.6041666666667,20.1011201629328,2965.27609756098,-0.503046503733877,621.506097560976,FALSE,TRUE
"Rincon 1200",1988,3996.49,19.9791666666667,20.1011201629328,2965.27609756098,0.121953496266126,-1031.21390243902,TRUE,FALSE
"Rincon 1200",1989,2713.76,19.8208333333333,20.1011201629328,2965.27609756098,0.280286829599458,251.516097560976,TRUE,TRUE
"Rincon 1200",1990,2663.49,20.3125,20.1011201629328,2965.27609756098,-0.211379837067209,301.786097560976,FALSE,TRUE
"Rincon 1200",1991,2526.5,20.2916666666667,20.1011201629328,2965.27609756098,-0.190546503733877,438.776097560976,FALSE,TRUE
"Rincon 1200",1992,3294.53,20.3625,20.1011201629328,2965.27609756098,-0.26137983706721,-329.253902439024,FALSE,FALSE
"Rincon 1200",1993,3188.35,20.1291666666667,20.1011201629328,2965.27609756098,-0.0280465037338757,-223.073902439024,FALSE,FALSE
"Rincon 1200",1994,2709.03,20.2666666666667,20.1011201629328,2965.27609756098,-0.165546503733875,256.246097560976,FALSE,TRUE
"Rincon 1200",1995,3539.13,20.05,20.1011201629328,2965.27609756098,0.05112016293279,-573.853902439024,TRUE,FALSE
"Rincon 1200",1996,3944.2,19.75,20.1011201629328,2965.27609756098,0.351120162932791,-978.923902439024,TRUE,FALSE
"Rincon 1200",1997,2888.76,20.4541666666667,20.1011201629328,2965.27609756098,-0.353046503733875,76.5160975609756,FALSE,TRUE
"Rincon 1200",1998,3471.62,20.7708333333333,20.1011201629328,2965.27609756098,-0.669713170400541,-506.343902439024,FALSE,FALSE
"Rincon 1200",1999,3945.36,19.4166666666667,20.1011201629328,2965.27609756098,0.684453496266123,-980.083902439024,TRUE,FALSE
"Rincon 1200",2000,3082.12,19.7333333333333,20.1011201629328,2965.27609756098,0.367786829599456,-116.843902439024,TRUE,FALSE
"Rincon 1200",2001,3006.95,19.9875,20.1011201629328,2965.27609756098,0.11362016293279,-41.673902439024,TRUE,FALSE
"Rincon 1200",2002,3339.19,20.225,20.1011201629328,2965.27609756098,-0.123879837067211,-373.913902439024,FALSE,FALSE
"Rincon 1200",2003,3619.02,20.2541666666667,20.1011201629328,2965.27609756098,-0.153046503733876,-653.743902439024,FALSE,FALSE
"Rincon 1200",2004,3614.8,20.1041666666667,20.1011201629328,2965.27609756098,-0.00304650373387716,-649.523902439024,FALSE,FALSE
"Rincon 1200",2005,3803.66,20.1083333333333,20.1011201629328,2965.27609756098,-0.00721317040054359,-838.383902439024,FALSE,FALSE
"Rincon 1200",2006,2923.79,20.1083333333333,20.1011201629328,2965.27609756098,-0.00721317040054359,41.4860975609758,FALSE,TRUE
"Rincon 1200",2007,3950.75,20.0208333333333,20.1011201629328,2965.27609756098,0.080286829599455,-985.473902439024,TRUE,FALSE
"Rincon 1200",2008,3359.73,19.6666666666667,20.1011201629328,2965.27609756098,0.434453496266123,-394.453902439024,TRUE,FALSE
"Rincon 1200",2009,2141.28,20.1958333333333,20.1011201629328,2965.27609756098,-0.0947131704005422,823.996097560976,FALSE,TRUE
"Rincon 1200",2010,2448.36,20.2125,20.1011201629328,2965.27609756098,-0.111379837067208,516.916097560976,FALSE,TRUE
"Rincon 1200",2011,2831.77,19.8125,20.1011201629328,2965.27609756098,0.288620162932791,133.506097560976,TRUE,TRUE
"Rincon 1200",2012,2136.77,20.0916666666667,20.1011201629328,2965.27609756098,0.00945349626612213,828.506097560976,TRUE,TRUE
"Rincon 1200",2013,3084.58,20.3208333333333,20.1011201629328,2965.27609756098,-0.219713170400542,-119.303902439024,FALSE,FALSE
"Rincon 1200",2014,2507.48,20.4458333333333,20.1011201629328,2965.27609756098,-0.344713170400542,457.796097560976,FALSE,TRUE
"Rincon 1200",2015,2204.5,20.9416666666667,20.1011201629328,2965.27609756098,-0.840546503733876,760.776097560976,FALSE,TRUE
"Rincon 1200",2016,2709.13,18.8375,20.1011201629328,2965.27609756098,1.26362016293279,256.146097560976,TRUE,TRUE
"Rincon 1200",2017,3327.71,20.25,20.1011201629328,2965.27609756098,-0.148879837067209,-362.433902439024,FALSE,FALSE
"Rincon 1200",2018,2339.22,20.2583333333333,20.1011201629328,2965.27609756098,-0.157213170400542,626.056097560976,FALSE,TRUE
"Rincon 1200",2019,857.26,20.7416666666667,20.1011201629328,2965.27609756098,-0.640546503733876,2108.01609756098,FALSE,TRUE
